Workbook

Sheet Data
A1: Province | B1: Health Facilities per 100 000 | C1: Doctors per 100 000 | D1: Nurses per 100 000 | E1: Health Expenditure per Capita | F1: Medical Aid Coverage | G1: HIV Prevalence | H1: TB Treatment Success | I1: Immunisation Rate | J1: Antenatal Care Coverage | K1: Maternal Mortality per 100 000
A2: Gauteng | B2: 28.4 | C2: 38.4 | D2: 242.1 | E2: 4850 | F2: 0.243 | G2: 0.178 | H2: 0.742 | I2: 0.821 | J2: 0.963 | K2: 98.4
A3: KwaZulu-Natal | B3: 22.1 | C3: 18.6 | D3: 198.4 | E3: 3920 | F3: 0.121 | G3: 0.342 | H3: 0.718 | I3: 0.794 | J3: 0.932 | K3: 154.2
A4: Western Cape | B4: 31.2 | C4: 42.8 | D4: 268.4 | E4: 5240 | F4: 0.312 | G4: 0.124 | H4: 0.786 | I4: 0.873 | J4: 0.978 | K4: 62.3
A5: Eastern Cape | B5: 18.6 | C5: 14.2 | D5: 162.8 | E5: 3240 | F5: 0.084 | G5: 0.268 | H5: 0.684 | I5: 0.742 | J5: 0.886 | K5: 198.6
A6: Limpopo | B6: 16.2 | C6: 9.8 | D6: 148.6 | E6: 2980 | F6: 0.052 | G6: 0.194 | H6: 0.658 | I6: 0.718 | J6: 0.864 | K6: 186.4
A7: Mpumalanga | B7: 17.8 | C7: 11.4 | D7: 154.2 | E7: 3140 | F7: 0.078 | G7: 0.286 | H7: 0.672 | I7: 0.736 | J7: 0.878 | K7: 172.8
A8: North West | B8: 19.4 | C8: 13.6 | D8: 168.4 | E8: 3380 | F8: 0.092 | G8: 0.224 | H8: 0.696 | I8: 0.768 | J8: 0.894 | K8: 162.4
A9: Free State | B9: 21.6 | C9: 16.8 | D9: 182.6 | E9: 3680 | F9: 0.114 | G9: 0.246 | H9: 0.724 | I9: 0.782 | J9: 0.916 | K9: 142.6
A10: Northern Cape | B10: 20.8 | C10: 15.4 | D10: 174.8 | E10: 3520 | F10: 0.106 | G10: 0.162 | H10: 0.708 | I10: 0.774 | J10: 0.908 | K10: 152.8

Sheet Pivot Analysis
B2: Province | C2: Avg Health Expenditure per Capita
B3: Western Cape | C3: 5240 | E3: Province | F3: Avg of TB Treatment Success | G3: Avg of Immunisation Rate
B4: Gauteng | C4: 4850 | E4: Western Cape | F4: 0.786 | G4: 0.873
B5: KwaZulu-Natal | C5: 3920 | E5: Gauteng | F5: 0.742 | G5: 0.821
B6: Free State | C6: 3680 | E6: Free State | F6: 0.724 | G6: 0.782
B7: Northern Cape | C7: 3520 | E7: KwaZulu-Natal | F7: 0.718 | G7: 0.794
B8: North West | C8: 3380 | E8: Northern Cape | F8: 0.708 | G8: 0.774
B9: Eastern Cape | C9: 3240 | E9: North West | F9: 0.696 | G9: 0.768
B10: Mpumalanga | C10: 3140 | E10: Eastern Cape | F10: 0.684 | G10: 0.742
B11: Limpopo | C11: 2980 | E11: Mpumalanga | F11: 0.672 | G11: 0.736
B12: Overall | C12: 3772.2222 | E12: Limpopo | F12: 0.658 | G12: 0.718
E13: Overall | F13: 0.70977778 | G13: 0.77866667
B14: Province | C14: Avg of Medical Aid Coverage
B15: Eastern Cape | C15: 0.084
B16: Free State | C16: 0.114
B17: KwaZulu-Natal | C17: 0.121
B18: Limpopo | C18: 0.052
B19: Mpumalanga | C19: 0.078
B20: North West | C20: 0.092
B21: Northern Cape | C21: 0.106

Sheet Normalisation
B2: Province | C2: Facilities Score | D2: Doctors Score | E2: Nurses Score | F2: HIV Score | G2: TB Score | H2: Immunisation Score | I2: ANC Score | J2: Maternal Mortality Score
B3: Gauteng | C3: =(Data!B2-MIN(NHI_Readiness[Health Facilities per 100 000]))/(MAX(NHI_Readiness[Health Facilities per 100 000])-MIN(NHI_Readiness[Health Facilities per 100 000]))*10 -> 8.1333333 | D3: =(Data!C2-MIN(NHI_Readiness[Doctors per 100 000]))/(MAX(NHI_Readiness[Doctors per 100 000])-MIN(NHI_Readiness[Doctors per 100 000]))*10 -> 8.6666667 | E3: =(Data!D2-MIN(NHI_Readiness[Nurses per 100 000]))/(MAX(NHI_Readiness[Nurses per 100 000])-MIN(NHI_Readiness[Nurses per 100 000]))*10 -> 7.8046745 | F3: =(MAX(NHI_Readiness[HIV Prevalence])-Data!G2)/(MAX(NHI_Readiness[HIV Prevalence])-MIN(NHI_Readiness[HIV Prevalence]))*10 -> 7.5229358 | G3: =(Data!H2-MIN(NHI_Readiness[TB Treatment Success]))/(MAX(NHI_Readiness[TB Treatment Success])-MIN(NHI_Readiness[TB Treatment Success]))*10 -> 6.5625 | H3: =(Data!I2-MIN(NHI_Readiness[Immunisation Rate]))/(MAX(NHI_Readiness[Immunisation Rate])-MIN(NHI_Readiness[Immunisation Rate]))*10 -> 6.6451613 | I3: =(Data!J2-MIN(NHI_Readiness[Antenatal Care Coverage]))/(MAX(NHI_Readiness[Antenatal Care Coverage])-MIN(NHI_Readiness[Antenatal Care Coverage]))*10 -> 8.6842105 | J3: =(MAX(NHI_Readiness[Maternal Mortality per 100 000])-Data!K2)/(MAX(NHI_Readiness[Maternal Mortality per 100 000])-MIN(NHI_Readiness[Maternal Mortality per 100 000]))*10 -> 7.3514307
B4: KwaZulu-Natal | C4: =(Data!B3-MIN(NHI_Readiness[Health Facilities per 100 000]))/(MAX(NHI_Readiness[Health Facilities per 100 000])-MIN(NHI_Readiness[Health Facilities per 100 000]))*10 -> 3.9333333 | D4: =(Data!C3-MIN(NHI_Readiness[Doctors per 100 000]))/(MAX(NHI_Readiness[Doctors per 100 000])-MIN(NHI_Readiness[Doctors per 100 000]))*10 -> 2.6666667 | E4: =(Data!D3-MIN(NHI_Readiness[Nurses per 100 000]))/(MAX(NHI_Readiness[Nurses per 100 000])-MIN(NHI_Readiness[Nurses per 100 000]))*10 -> 4.1569282 | F4: =(MAX(NHI_Readiness[HIV Prevalence])-Data!G3)/(MAX(NHI_Readiness[HIV Prevalence])-MIN(NHI_Readiness[HIV Prevalence]))*10 -> 0 | G4: =(Data!H3-MIN(NHI_Readiness[TB Treatment Success]))/(MAX(NHI_Readiness[TB Treatment Success])-MIN(NHI_Readiness[TB Treatment Success]))*10 -> 4.6875 | H4: =(Data!I3-MIN(NHI_Readiness[Immunisation Rate]))/(MAX(NHI_Readiness[Immunisation Rate])-MIN(NHI_Readiness[Immunisation Rate]))*10 -> 4.9032258 | I4: =(Data!J3-MIN(NHI_Readiness[Antenatal Care Coverage]))/(MAX(NHI_Readiness[Antenatal Care Coverage])-MIN(NHI_Readiness[Antenatal Care Coverage]))*10 -> 5.9649123 | J4: =(MAX(NHI_Readiness[Maternal Mortality per 100 000])-Data!K3)/(MAX(NHI_Readiness[Maternal Mortality per 100 000])-MIN(NHI_Readiness[Maternal Mortality per 100 000]))*10 -> 3.2575202
B5: Western Cape | C5: =(Data!B4-MIN(NHI_Readiness[Health Facilities per 100 000]))/(MAX(NHI_Readiness[Health Facilities per 100 000])-MIN(NHI_Readiness[Health Facilities per 100 000]))*10 -> 10 | D5: =(Data!C4-MIN(NHI_Readiness[Doctors per 100 000]))/(MAX(NHI_Readiness[Doctors per 100 000])-MIN(NHI_Readiness[Doctors per 100 000]))*10 -> 10 | E5: =(Data!D4-MIN(NHI_Readiness[Nurses per 100 000]))/(MAX(NHI_Readiness[Nurses per 100 000])-MIN(NHI_Readiness[Nurses per 100 000]))*10 -> 10 | F5: =(MAX(NHI_Readiness[HIV Prevalence])-Data!G4)/(MAX(NHI_Readiness[HIV Prevalence])-MIN(NHI_Readiness[HIV Prevalence]))*10 -> 10 | G5: =(Data!H4-MIN(NHI_Readiness[TB Treatment Success]))/(MAX(NHI_Readiness[TB Treatment Success])-MIN(NHI_Readiness[TB Treatment Success]))*10 -> 10 | H5: =(Data!I4-MIN(NHI_Readiness[Immunisation Rate]))/(MAX(NHI_Readiness[Immunisation Rate])-MIN(NHI_Readiness[Immunisation Rate]))*10 -> 10 | I5: =(Data!J4-MIN(NHI_Readiness[Antenatal Care Coverage]))/(MAX(NHI_Readiness[Antenatal Care Coverage])-MIN(NHI_Readiness[Antenatal Care Coverage]))*10 -> 10 | J5: =(MAX(NHI_Readiness[Maternal Mortality per 100 000])-Data!K4)/(MAX(NHI_Readiness[Maternal Mortality per 100 000])-MIN(NHI_Readiness[Maternal Mortality per 100 000]))*10 -> 10
B6: Eastern Cape | C6: =(Data!B5-MIN(NHI_Readiness[Health Facilities per 100 000]))/(MAX(NHI_Readiness[Health Facilities per 100 000])-MIN(NHI_Readiness[Health Facilities per 100 000]))*10 -> 1.6 | D6: =(Data!C5-MIN(NHI_Readiness[Doctors per 100 000]))/(MAX(NHI_Readiness[Doctors per 100 000])-MIN(NHI_Readiness[Doctors per 100 000]))*10 -> 1.3333333 | E6: =(Data!D5-MIN(NHI_Readiness[Nurses per 100 000]))/(MAX(NHI_Readiness[Nurses per 100 000])-MIN(NHI_Readiness[Nurses per 100 000]))*10 -> 1.1853088 | F6: =(MAX(NHI_Readiness[HIV Prevalence])-Data!G5)/(MAX(NHI_Readiness[HIV Prevalence])-MIN(NHI_Readiness[HIV Prevalence]))*10 -> 3.3944954 | G6: =(Data!H5-MIN(NHI_Readiness[TB Treatment Success]))/(MAX(NHI_Readiness[TB Treatment Success])-MIN(NHI_Readiness[TB Treatment Success]))*10 -> 2.03125 | H6: =(Data!I5-MIN(NHI_Readiness[Immunisation Rate]))/(MAX(NHI_Readiness[Immunisation Rate])-MIN(NHI_Readiness[Immunisation Rate]))*10 -> 1.5483871 | I6: =(Data!J5-MIN(NHI_Readiness[Antenatal Care Coverage]))/(MAX(NHI_Readiness[Antenatal Care Coverage])-MIN(NHI_Readiness[Antenatal Care Coverage]))*10 -> 1.9298246 | J6: =(MAX(NHI_Readiness[Maternal Mortality per 100 000])-Data!K5)/(MAX(NHI_Readiness[Maternal Mortality per 100 000])-MIN(NHI_Readiness[Maternal Mortality per 100 000]))*10 -> 0
B7: Limpopo | C7: =(Data!B6-MIN(NHI_Readiness[Health Facilities per 100 000]))/(MAX(NHI_Readiness[Health Facilities per 100 000])-MIN(NHI_Readiness[Health Facilities per 100 000]))*10 -> 0 | D7: =(Data!C6-MIN(NHI_Readiness[Doctors per 100 000]))/(MAX(NHI_Readiness[Doctors per 100 000])-MIN(NHI_Readiness[Doctors per 100 000]))*10 -> 0 | E7: =(Data!D6-MIN(NHI_Readiness[Nurses per 100 000]))/(MAX(NHI_Readiness[Nurses per 100 000])-MIN(NHI_Readiness[Nurses per 100 000]))*10 -> 0 | F7: =(MAX(NHI_Readiness[HIV Prevalence])-Data!G6)/(MAX(NHI_Readiness[HIV Prevalence])-MIN(NHI_Readiness[HIV Prevalence]))*10 -> 6.7889908 | G7: =(Data!H6-MIN(NHI_Readiness[TB Treatment Success]))/(MAX(NHI_Readiness[TB Treatment Success])-MIN(NHI_Readiness[TB Treatment Success]))*10 -> 0 | H7: =(Data!I6-MIN(NHI_Readiness[Immunisation Rate]))/(MAX(NHI_Readiness[Immunisation Rate])-MIN(NHI_Readiness[Immunisation Rate]))*10 -> 0 | I7: =(Data!J6-MIN(NHI_Readiness[Antenatal Care Coverage]))/(MAX(NHI_Readiness[Antenatal Care Coverage])-MIN(NHI_Readiness[Antenatal Care Coverage]))*10 -> 0 | J7: =(MAX(NHI_Readiness[Maternal Mortality per 100 000])-Data!K6)/(MAX(NHI_Readiness[Maternal Mortality per 100 000])-MIN(NHI_Readiness[Maternal Mortality per 100 000]))*10 -> 0.89508437
B8: Mpumalanga | C8: =(Data!B7-MIN(NHI_Readiness[Health Facilities per 100 000]))/(MAX(NHI_Readiness[Health Facilities per 100 000])-MIN(NHI_Readiness[Health Facilities per 100 000]))*10 -> 1.0666667 | D8: =(Data!C7-MIN(NHI_Readiness[Doctors per 100 000]))/(MAX(NHI_Readiness[Doctors per 100 000])-MIN(NHI_Readiness[Doctors per 100 000]))*10 -> 0.48484848 | E8: =(Data!D7-MIN(NHI_Readiness[Nurses per 100 000]))/(MAX(NHI_Readiness[Nurses per 100 000])-MIN(NHI_Readiness[Nurses per 100 000]))*10 -> 0.46744574 | F8: =(MAX(NHI_Readiness[HIV Prevalence])-Data!G7)/(MAX(NHI_Readiness[HIV Prevalence])-MIN(NHI_Readiness[HIV Prevalence]))*10 -> 2.5688073 | G8: =(Data!H7-MIN(NHI_Readiness[TB Treatment Success]))/(MAX(NHI_Readiness[TB Treatment Success])-MIN(NHI_Readiness[TB Treatment Success]))*10 -> 1.09375 | H8: =(Data!I7-MIN(NHI_Readiness[Immunisation Rate]))/(MAX(NHI_Readiness[Immunisation Rate])-MIN(NHI_Readiness[Immunisation Rate]))*10 -> 1.1612903 | I8: =(Data!J7-MIN(NHI_Readiness[Antenatal Care Coverage]))/(MAX(NHI_Readiness[Antenatal Care Coverage])-MIN(NHI_Readiness[Antenatal Care Coverage]))*10 -> 1.2280702 | J8: =(MAX(NHI_Readiness[Maternal Mortality per 100 000])-Data!K7)/(MAX(NHI_Readiness[Maternal Mortality per 100 000])-MIN(NHI_Readiness[Maternal Mortality per 100 000]))*10 -> 1.8928833
B9: North West | C9: =(Data!B8-MIN(NHI_Readiness[Health Facilities per 100 000]))/(MAX(NHI_Readiness[Health Facilities per 100 000])-MIN(NHI_Readiness[Health Facilities per 100 000]))*10 -> 2.1333333 | D9: =(Data!C8-MIN(NHI_Readiness[Doctors per 100 000]))/(MAX(NHI_Readiness[Doctors per 100 000])-MIN(NHI_Readiness[Doctors per 100 000]))*10 -> 1.1515152 | E9: =(Data!D8-MIN(NHI_Readiness[Nurses per 100 000]))/(MAX(NHI_Readiness[Nurses per 100 000])-MIN(NHI_Readiness[Nurses per 100 000]))*10 -> 1.6527546 | F9: =(MAX(NHI_Readiness[HIV Prevalence])-Data!G8)/(MAX(NHI_Readiness[HIV Prevalence])-MIN(NHI_Readiness[HIV Prevalence]))*10 -> 5.412844 | G9: =(Data!H8-MIN(NHI_Readiness[TB Treatment Success]))/(MAX(NHI_Readiness[TB Treatment Success])-MIN(NHI_Readiness[TB Treatment Success]))*10 -> 2.96875 | H9: =(Data!I8-MIN(NHI_Readiness[Immunisation Rate]))/(MAX(NHI_Readiness[Immunisation Rate])-MIN(NHI_Readiness[Immunisation Rate]))*10 -> 3.2258065 | I9: =(Data!J8-MIN(NHI_Readiness[Antenatal Care Coverage]))/(MAX(NHI_Readiness[Antenatal Care Coverage])-MIN(NHI_Readiness[Antenatal Care Coverage]))*10 -> 2.6315789 | J9: =(MAX(NHI_Readiness[Maternal Mortality per 100 000])-Data!K8)/(MAX(NHI_Readiness[Maternal Mortality per 100 000])-MIN(NHI_Readiness[Maternal Mortality per 100 000]))*10 -> 2.6559061
B10: Free State | C10: =(Data!B9-MIN(NHI_Readiness[Health Facilities per 100 000]))/(MAX(NHI_Readiness[Health Facilities per 100 000])-MIN(NHI_Readiness[Health Facilities per 100 000]))*10 -> 3.6 | D10: =(Data!C9-MIN(NHI_Readiness[Doctors per 100 000]))/(MAX(NHI_Readiness[Doctors per 100 000])-MIN(NHI_Readiness[Doctors per 100 000]))*10 -> 2.1212121 | E10: =(Data!D9-MIN(NHI_Readiness[Nurses per 100 000]))/(MAX(NHI_Readiness[Nurses per 100 000])-MIN(NHI_Readiness[Nurses per 100 000]))*10 -> 2.8380634 | F10: =(MAX(NHI_Readiness[HIV Prevalence])-Data!G9)/(MAX(NHI_Readiness[HIV Prevalence])-MIN(NHI_Readiness[HIV Prevalence]))*10 -> 4.4036697 | G10: =(Data!H9-MIN(NHI_Readiness[TB Treatment Success]))/(MAX(NHI_Readiness[TB Treatment Success])-MIN(NHI_Readiness[TB Treatment Success]))*10 -> 5.15625 | H10: =(Data!I9-MIN(NHI_Readiness[Immunisation Rate]))/(MAX(NHI_Readiness[Immunisation Rate])-MIN(NHI_Readiness[Immunisation Rate]))*10 -> 4.1290323 | I10: =(Data!J9-MIN(NHI_Readiness[Antenatal Care Coverage]))/(MAX(NHI_Readiness[Antenatal Care Coverage])-MIN(NHI_Readiness[Antenatal Care Coverage]))*10 -> 4.5614035 | J10: =(MAX(NHI_Readiness[Maternal Mortality per 100 000])-Data!K9)/(MAX(NHI_Readiness[Maternal Mortality per 100 000])-MIN(NHI_Readiness[Maternal Mortality per 100 000]))*10 -> 4.108584
B11: Northern Cape | C11: =(Data!B10-MIN(NHI_Readiness[Health Facilities per 100 000]))/(MAX(NHI_Readiness[Health Facilities per 100 000])-MIN(NHI_Readiness[Health Facilities per 100 000]))*10 -> 3.0666667 | D11: =(Data!C10-MIN(NHI_Readiness[Doctors per 100 000]))/(MAX(NHI_Readiness[Doctors per 100 000])-MIN(NHI_Readiness[Doctors per 100 000]))*10 -> 1.6969697 | E11: =(Data!D10-MIN(NHI_Readiness[Nurses per 100 000]))/(MAX(NHI_Readiness[Nurses per 100 000])-MIN(NHI_Readiness[Nurses per 100 000]))*10 -> 2.1869783 | F11: =(MAX(NHI_Readiness[HIV Prevalence])-Data!G10)/(MAX(NHI_Readiness[HIV Prevalence])-MIN(NHI_Readiness[HIV Prevalence]))*10 -> 8.2568807 | G11: =(Data!H10-MIN(NHI_Readiness[TB Treatment Success]))/(MAX(NHI_Readiness[TB Treatment Success])-MIN(NHI_Readiness[TB Treatment Success]))*10 -> 3.90625 | H11: =(Data!I10-MIN(NHI_Readiness[Immunisation Rate]))/(MAX(NHI_Readiness[Immunisation Rate])-MIN(NHI_Readiness[Immunisation Rate]))*10 -> 3.6129032 | I11: =(Data!J10-MIN(NHI_Readiness[Antenatal Care Coverage]))/(MAX(NHI_Readiness[Antenatal Care Coverage])-MIN(NHI_Readiness[Antenatal Care Coverage]))*10 -> 3.8596491 | J11: =(MAX(NHI_Readiness[Maternal Mortality per 100 000])-Data!K10)/(MAX(NHI_Readiness[Maternal Mortality per 100 000])-MIN(NHI_Readiness[Maternal Mortality per 100 000]))*10 -> 3.3602348

Sheet Scorecard
C2: Province | D2: Infrastructure Score | E2: Disease Burden Score | F2: Service Delivery Score | G2: Overall Readiness | H2: RAG Status
C3: Gauteng | D3: =AVERAGE(Normalisation!C3:E3) -> 8.2015582 | E3: =AVERAGE(Normalisation!F3:G3) -> 7.0427179 | F3: =AVERAGE(Normalisation!H3:J3) -> 7.5602675 | G3: =AVERAGE(D3:F3) -> 7.6015145 | H3: {=_xlfn.IFS(G3:G11>7,"Ready", 5<=G3:G11<=7, "Caution", G3:G11<5,"Not Ready")} -> Ready
C4: KwaZulu-Natal | D4: =AVERAGE(Normalisation!C4:E4) -> 3.5856427 | E4: =AVERAGE(Normalisation!F4:G4) -> 2.34375 | F4: =AVERAGE(Normalisation!H4:J4) -> 4.7085528 | G4: =AVERAGE(D4:F4) -> 3.5459818 | H4: Not Ready
C5: Western Cape | D5: =AVERAGE(Normalisation!C5:E5) -> 10 | E5: =AVERAGE(Normalisation!F5:G5) -> 10 | F5: =AVERAGE(Normalisation!H5:J5) -> 10 | G5: =AVERAGE(D5:F5) -> 10 | H5: Ready
C6: Eastern Cape | D6: =AVERAGE(Normalisation!C6:E6) -> 1.3728807 | E6: =AVERAGE(Normalisation!F6:G6) -> 2.7128727 | F6: =AVERAGE(Normalisation!H6:J6) -> 1.1594039 | G6: =AVERAGE(D6:F6) -> 1.7483858 | H6: Not Ready
C7: Limpopo | D7: =AVERAGE(Normalisation!C7:E7) -> 0 | E7: =AVERAGE(Normalisation!F7:G7) -> 3.3944954 | F7: =AVERAGE(Normalisation!H7:J7) -> 0.29836146 | G7: =AVERAGE(D7:F7) -> 1.2309523 | H7: Not Ready
C8: Mpumalanga | D8: =AVERAGE(Normalisation!C8:E8) -> 0.67298696 | E8: =AVERAGE(Normalisation!F8:G8) -> 1.8312787 | F8: =AVERAGE(Normalisation!H8:J8) -> 1.4274146 | G8: =AVERAGE(D8:F8) -> 1.3105601 | H8: Not Ready
C9: North West | D9: =AVERAGE(Normalisation!C9:E9) -> 1.6458677 | E9: =AVERAGE(Normalisation!F9:G9) -> 4.190797 | F9: =AVERAGE(Normalisation!H9:J9) -> 2.8377638 | G9: =AVERAGE(D9:F9) -> 2.8914762 | H9: Not Ready
C10: Free State | D10: =AVERAGE(Normalisation!C10:E10) -> 2.8530919 | E10: =AVERAGE(Normalisation!F10:G10) -> 4.7799599 | F10: =AVERAGE(Normalisation!H10:J10) -> 4.2663399 | G10: =AVERAGE(D10:F10) -> 3.9664639 | H10: Not Ready
C11: Northern Cape | D11: =AVERAGE(Normalisation!C11:E11) -> 2.3168716 | E11: =AVERAGE(Normalisation!F11:G11) -> 6.0815654 | F11: =AVERAGE(Normalisation!H11:J11) -> 3.610929 | G11: =AVERAGE(D11:F11) -> 4.003122 | H11: Not Ready

Sheet Dashboard
A1: Province | B1: Overall Readiness | C1: RAG Status
A2: =Scorecard!C3 -> Gauteng | B2: =Scorecard!G3 -> 7.6015145 | C2: =Scorecard!H3 -> Ready
A3: =Scorecard!C4 -> KwaZulu-Natal | B3: =Scorecard!G4 -> 3.5459818 | C3: =Scorecard!H4 -> Not Ready
A4: =Scorecard!C5 -> Western Cape | B4: =Scorecard!G5 -> 10 | C4: =Scorecard!H5 -> Ready
A5: =Scorecard!C6 -> Eastern Cape | B5: =Scorecard!G6 -> 1.7483858 | C5: =Scorecard!H6 -> Not Ready
A6: =Scorecard!C7 -> Limpopo | B6: =Scorecard!G7 -> 1.2309523 | C6: =Scorecard!H7 -> Not Ready
A7: =Scorecard!C8 -> Mpumalanga | B7: =Scorecard!G8 -> 1.3105601 | C7: =Scorecard!H8 -> Not Ready
A8: =Scorecard!C9 -> North West | B8: =Scorecard!G9 -> 2.8914762 | C8: =Scorecard!H9 -> Not Ready
A9: =Scorecard!C10 -> Free State | B9: =Scorecard!G10 -> 3.9664639 | C9: =Scorecard!H10 -> Not Ready
A10: =Scorecard!C11 -> Northern Cape | B10: =Scorecard!G11 -> 4.003122 | C10: =Scorecard!H11 -> Not Ready
A12: Sum of Overall Readiness | B12: RAG Status
A13: Province | B13: Not Ready | C13: Ready
A14: Eastern Cape | B14: 1.7483858
A15: Free State | B15: 3.9664639
A16: Gauteng | C16: 7.6015145
A17: KwaZulu-Natal | B17: 3.5459818
A18: Limpopo | B18: 1.2309523
A19: Mpumalanga | B19: 1.3105601
A20: North West | B20: 2.8914762
A21: Northern Cape | B21: 4.003122
A22: Western Cape | C22: 10
